threshold,dice
0.1,0.836603
0.15,0.839073
0.2,0.839599
0.25,0.840334
0.3,0.840581
0.35,0.840789
0.4,0.841342
0.45,0.841503
0.5,0.841457
0.55,0.841045
0.6,0.840911
0.65,0.84022
0.7,0.839433
0.75,0.838966
0.8,0.837956
0.85,0.836532
0.9,0.834156
